File_name,Event_count,Particle
/net/big-tank/POOL/projects/fact/simulation/photon_stream/fact_tools/v.0.18.0/proton_12/output_spe_extractor_mc_164.json,1322,False
/net/big-tank/POOL/projects/fact/simulation/photon_stream/fact_tools/v.0.18.0/proton_12/output_spe_extractor_mc_283.json,1145,False
/net/big-tank/POOL/projects/fact/simulation/photon_stream/fact_tools/v.0.18.0/proton_12/output_spe_extractor_mc_221.json,1267,False
/net/big-tank/POOL/projects/fact/simulation/photon_stream/fact_tools/v.0.18.0/proton_12/output_spe_extractor_mc_345.json,1167,False
/net/big-tank/POOL/projects/fact/simulation/photon_stream/fact_tools/v.0.18.0/proton_12/output_spe_extractor_mc_14.json,1203,False
/net/big-tank/POOL/projects/fact/simulation/photon_stream/fact_tools/v.0.18.0/proton_12/output_spe_extractor_mc_374.json,1160,False
/net/big-tank/POOL/projects/fact/simulation/photon_stream/fact_tools/v.0.18.0/proton_12/output_spe_extractor_mc_210.json,1153,False
/net/big-tank/POOL/projects/fact/simulation/photon_stream/fact_tools/v.0.18.0/proton_12/output_spe_extractor_mc_25.json,1140,False
/net/big-tank/POOL/projects/fact/simulation/photon_stream/fact_tools/v.0.18.0/proton_12/output_spe_extractor_mc_87.json,1745,False
/net/big-tank/POOL/projects/fact/simulation/photon_stream/fact_tools/v.0.18.0/proton_12/output_spe_extractor_mc_155.json,1152,False
/net/big-tank/POOL/projects/fact/simulation/photon_stream/fact_tools/v.0.18.0/proton_12/output_spe_extractor_mc_47.json,1172,False
/net/big-tank/POOL/projects/fact/simulation/photon_stream/fact_tools/v.0.18.0/proton_12/output_spe_extractor_mc_316.json,535,False
/net/big-tank/POOL/projects/fact/simulation/photon_stream/fact_tools/v.0.18.0/proton_12/output_spe_extractor_mc_272.json,1231,False
/net/big-tank/POOL/projects/fact/simulation/photon_stream/fact_tools/v.0.18.0/proton_12/output_spe_extractor_mc_239.json,1213,False
/net/big-tank/POOL/projects/fact/simulation/photon_stream/fact_tools/v.0.18.0/proton_12/output_spe_extractor_mc_195.json,1271,False
/net/big-tank/POOL/projects/fact/simulation/photon_stream/fact_tools/v.0.18.0/proton_12/output_spe_extractor_mc_137.json,1223,False
/net/big-tank/POOL/projects/fact/simulation/photon_stream/fact_tools/v.0.18.0/proton_12/output_spe_extractor_mc_106.json,1961,False
/net/big-tank/POOL/projects/fact/simulation/photon_stream/fact_tools/v.0.18.0/proton_12/output_spe_extractor_mc_385.json,1193,False
/net/big-tank/POOL/projects/fact/simulation/photon_stream/fact_tools/v.0.18.0/proton_12/output_spe_extractor_mc_76.json,1765,False
/net/big-tank/POOL/projects/fact/simulation/photon_stream/fact_tools/v.0.18.0/proton_12/output_spe_extractor_mc_208.json,1092,False
/net/big-tank/POOL/projects/fact/simulation/photon_stream/fact_tools/v.0.18.0/proton_12/output_spe_extractor_mc_243.json,1129,False
/net/big-tank/POOL/projects/fact/simulation/photon_stream/fact_tools/v.0.18.0/proton_12/output_spe_extractor_mc_327.json,1064,False
/net/big-tank/POOL/projects/fact/simulation/photon_stream/fact_tools/v.0.18.0/proton_12/output_spe_extractor_mc_370.json,1158,False
/net/big-tank/POOL/projects/fact/simulation/photon_stream/fact_tools/v.0.18.0/proton_12/output_spe_extractor_mc_214.json,1267,False
/net/big-tank/POOL/projects/fact/simulation/photon_stream/fact_tools/v.0.18.0/proton_12/output_spe_extractor_mc_21.json,1155,False
/net/big-tank/POOL/projects/fact/simulation/photon_stream/fact_tools/v.0.18.0/proton_12/output_spe_extractor_mc_83.json,1800,False
/net/big-tank/POOL/projects/fact/simulation/photon_stream/fact_tools/v.0.18.0/proton_12/output_spe_extractor_mc_399.json,1084,False
/net/big-tank/POOL/projects/fact/simulation/photon_stream/fact_tools/v.0.18.0/proton_12/output_spe_extractor_mc_151.json,1096,False
/net/big-tank/POOL/projects/fact/simulation/photon_stream/fact_tools/v.0.18.0/proton_12/output_spe_extractor_mc_287.json,1209,False
/net/big-tank/POOL/projects/fact/simulation/photon_stream/fact_tools/v.0.18.0/proton_12/output_spe_extractor_mc_160.json,1242,False
/net/big-tank/POOL/projects/fact/simulation/photon_stream/fact_tools/v.0.18.0/proton_12/output_spe_extractor_mc_189.json,1171,False
/net/big-tank/POOL/projects/fact/simulation/photon_stream/fact_tools/v.0.18.0/proton_12/output_spe_extractor_mc_225.json,1206,False
/net/big-tank/POOL/projects/fact/simulation/photon_stream/fact_tools/v.0.18.0/proton_12/output_spe_extractor_mc_341.json,1050,False
/net/big-tank/POOL/projects/fact/simulation/photon_stream/fact_tools/v.0.18.0/proton_12/output_spe_extractor_mc_10.json,1215,False
/net/big-tank/POOL/projects/fact/simulation/photon_stream/fact_tools/v.0.18.0/proton_12/output_spe_extractor_mc_149.json,1253,False
/net/big-tank/POOL/projects/fact/simulation/photon_stream/fact_tools/v.0.18.0/proton_12/output_spe_extractor_mc_381.json,1033,False
/net/big-tank/POOL/projects/fact/simulation/photon_stream/fact_tools/v.0.18.0/proton_12/output_spe_extractor_mc_102.json,1551,False
/net/big-tank/POOL/projects/fact/simulation/photon_stream/fact_tools/v.0.18.0/proton_12/output_spe_extractor_mc_72.json,1595,False
/net/big-tank/POOL/projects/fact/simulation/photon_stream/fact_tools/v.0.18.0/proton_12/output_spe_extractor_mc_39.json,1253,False
/net/big-tank/POOL/projects/fact/simulation/photon_stream/fact_tools/v.0.18.0/proton_12/output_spe_extractor_mc_247.json,1157,False
/net/big-tank/POOL/projects/fact/simulation/photon_stream/fact_tools/v.0.18.0/proton_12/output_spe_extractor_mc_323.json,1087,False
/net/big-tank/POOL/projects/fact/simulation/photon_stream/fact_tools/v.0.18.0/proton_12/output_spe_extractor_mc_368.json,1143,False
/net/big-tank/POOL/projects/fact/simulation/photon_stream/fact_tools/v.0.18.0/proton_12/output_spe_extractor_mc_43.json,1155,False
/net/big-tank/POOL/projects/fact/simulation/photon_stream/fact_tools/v.0.18.0/proton_12/output_spe_extractor_mc_359.json,1212,False
/net/big-tank/POOL/projects/fact/simulation/photon_stream/fact_tools/v.0.18.0/proton_12/output_spe_extractor_mc_191.json,1102,False
/net/big-tank/POOL/projects/fact/simulation/photon_stream/fact_tools/v.0.18.0/proton_12/output_spe_extractor_mc_312.json,1156,False
/net/big-tank/POOL/projects/fact/simulation/photon_stream/fact_tools/v.0.18.0/proton_12/output_spe_extractor_mc_276.json,1257,False
/net/big-tank/POOL/projects/fact/simulation/photon_stream/fact_tools/v.0.18.0/proton_12/output_spe_extractor_mc_133.json,2616,False
/net/big-tank/POOL/projects/fact/simulation/photon_stream/fact_tools/v.0.18.0/proton_12/output_spe_extractor_mc_178.json,1134,False
/net/big-tank/POOL/projects/fact/simulation/photon_stream/fact_tools/v.0.18.0/proton_12/output_spe_extractor_mc_231.json,1163,False
/net/big-tank/POOL/projects/fact/simulation/photon_stream/fact_tools/v.0.18.0/proton_12/output_spe_extractor_mc_355.json,1133,False
/net/big-tank/POOL/projects/fact/simulation/photon_stream/fact_tools/v.0.18.0/proton_12/output_spe_extractor_mc_293.json,1204,False
/net/big-tank/POOL/projects/fact/simulation/photon_stream/fact_tools/v.0.18.0/proton_12/output_spe_extractor_mc_174.json,1168,False
/net/big-tank/POOL/projects/fact/simulation/photon_stream/fact_tools/v.0.18.0/proton_12/output_spe_extractor_mc_97.json,1577,False
/net/big-tank/POOL/projects/fact/simulation/photon_stream/fact_tools/v.0.18.0/proton_12/output_spe_extractor_mc_145.json,1146,False
/net/big-tank/POOL/projects/fact/simulation/photon_stream/fact_tools/v.0.18.0/proton_12/output_spe_extractor_mc_364.json,1197,False
/net/big-tank/POOL/projects/fact/simulation/photon_stream/fact_tools/v.0.18.0/proton_12/output_spe_extractor_mc_200.json,1158,False
/net/big-tank/POOL/projects/fact/simulation/photon_stream/fact_tools/v.0.18.0/proton_12/output_spe_extractor_mc_35.json,1179,False
/net/big-tank/POOL/projects/fact/simulation/photon_stream/fact_tools/v.0.18.0/proton_12/output_spe_extractor_mc_127.json,1689,False
/net/big-tank/POOL/projects/fact/simulation/photon_stream/fact_tools/v.0.18.0/proton_12/output_spe_extractor_mc_57.json,1156,False
/net/big-tank/POOL/projects/fact/simulation/photon_stream/fact_tools/v.0.18.0/proton_12/output_spe_extractor_mc_185.json,1166,False
/net/big-tank/POOL/projects/fact/simulation/photon_stream/fact_tools/v.0.18.0/proton_12/output_spe_extractor_mc_229.json,1201,False
/net/big-tank/POOL/projects/fact/simulation/photon_stream/fact_tools/v.0.18.0/proton_12/output_spe_extractor_mc_306.json,1142,False
/net/big-tank/POOL/projects/fact/simulation/photon_stream/fact_tools/v.0.18.0/proton_12/output_spe_extractor_mc_262.json,1157,False
/net/big-tank/POOL/projects/fact/simulation/photon_stream/fact_tools/v.0.18.0/proton_12/output_spe_extractor_mc_66.json,1084,False
/net/big-tank/POOL/projects/fact/simulation/photon_stream/fact_tools/v.0.18.0/proton_12/output_spe_extractor_mc_3.json,1149,False
/net/big-tank/POOL/projects/fact/simulation/photon_stream/fact_tools/v.0.18.0/proton_12/output_spe_extractor_mc_253.json,1251,False
/net/big-tank/POOL/projects/fact/simulation/photon_stream/fact_tools/v.0.18.0/proton_12/output_spe_extractor_mc_337.json,1128,False
/net/big-tank/POOL/projects/fact/simulation/photon_stream/fact_tools/v.0.18.0/proton_12/output_spe_extractor_mc_218.json,1183,False
/net/big-tank/POOL/projects/fact/simulation/photon_stream/fact_tools/v.0.18.0/proton_12/output_spe_extractor_mc_395.json,1191,False
/net/big-tank/POOL/projects/fact/simulation/photon_stream/fact_tools/v.0.18.0/proton_12/output_spe_extractor_mc_116.json,1800,False
/net/big-tank/POOL/projects/fact/simulation/photon_stream/fact_tools/v.0.18.0/proton_12/output_spe_extractor_mc_93.json,1835,False
/net/big-tank/POOL/projects/fact/simulation/photon_stream/fact_tools/v.0.18.0/proton_12/output_spe_extractor_mc_141.json,1208,False
/net/big-tank/POOL/projects/fact/simulation/photon_stream/fact_tools/v.0.18.0/proton_12/output_spe_extractor_mc_389.json,1121,False
/net/big-tank/POOL/projects/fact/simulation/photon_stream/fact_tools/v.0.18.0/proton_12/output_spe_extractor_mc_360.json,1233,False
/net/big-tank/POOL/projects/fact/simulation/photon_stream/fact_tools/v.0.18.0/proton_12/output_spe_extractor_mc_204.json,1150,False
/net/big-tank/POOL/projects/fact/simulation/photon_stream/fact_tools/v.0.18.0/proton_12/output_spe_extractor_mc_31.json,1170,False
/net/big-tank/POOL/projects/fact/simulation/photon_stream/fact_tools/v.0.18.0/proton_12/output_spe_extractor_mc_235.json,1174,False
/net/big-tank/POOL/projects/fact/simulation/photon_stream/fact_tools/v.0.18.0/proton_12/output_spe_extractor_mc_351.json,1178,False
/net/big-tank/POOL/projects/fact/simulation/photon_stream/fact_tools/v.0.18.0/proton_12/output_spe_extractor_mc_199.json,1216,False
/net/big-tank/POOL/projects/fact/simulation/photon_stream/fact_tools/v.0.18.0/proton_12/output_spe_extractor_mc_170.json,1293,False
/net/big-tank/POOL/projects/fact/simulation/photon_stream/fact_tools/v.0.18.0/proton_12/output_spe_extractor_mc_297.json,1128,False
/net/big-tank/POOL/projects/fact/simulation/photon_stream/fact_tools/v.0.18.0/proton_12/output_spe_extractor_mc_7.json,1164,False
/net/big-tank/POOL/projects/fact/simulation/photon_stream/fact_tools/v.0.18.0/proton_12/output_spe_extractor_mc_29.json,1117,False
/net/big-tank/POOL/projects/fact/simulation/photon_stream/fact_tools/v.0.18.0/proton_12/output_spe_extractor_mc_62.json,1218,False
/net/big-tank/POOL/projects/fact/simulation/photon_stream/fact_tools/v.0.18.0/proton_12/output_spe_extractor_mc_378.json,1115,False
/net/big-tank/POOL/projects/fact/simulation/photon_stream/fact_tools/v.0.18.0/proton_12/output_spe_extractor_mc_257.json,1164,False
/net/big-tank/POOL/projects/fact/simulation/photon_stream/fact_tools/v.0.18.0/proton_12/output_spe_extractor_mc_333.json,1089,False
/net/big-tank/POOL/projects/fact/simulation/photon_stream/fact_tools/v.0.18.0/proton_12/output_spe_extractor_mc_112.json,1780,False
/net/big-tank/POOL/projects/fact/simulation/photon_stream/fact_tools/v.0.18.0/proton_12/output_spe_extractor_mc_391.json,1088,False
/net/big-tank/POOL/projects/fact/simulation/photon_stream/fact_tools/v.0.18.0/proton_12/output_spe_extractor_mc_159.json,1141,False
/net/big-tank/POOL/projects/fact/simulation/photon_stream/fact_tools/v.0.18.0/proton_12/output_spe_extractor_mc_168.json,1173,False
/net/big-tank/POOL/projects/fact/simulation/photon_stream/fact_tools/v.0.18.0/proton_12/output_spe_extractor_mc_123.json,1860,False
/net/big-tank/POOL/projects/fact/simulation/photon_stream/fact_tools/v.0.18.0/proton_12/output_spe_extractor_mc_53.json,1181,False
/net/big-tank/POOL/projects/fact/simulation/photon_stream/fact_tools/v.0.18.0/proton_12/output_spe_extractor_mc_18.json,1111,False
/net/big-tank/POOL/projects/fact/simulation/photon_stream/fact_tools/v.0.18.0/proton_12/output_spe_extractor_mc_302.json,1051,False
/net/big-tank/POOL/projects/fact/simulation/photon_stream/fact_tools/v.0.18.0/proton_12/output_spe_extractor_mc_266.json,1123,False
/net/big-tank/POOL/projects/fact/simulation/photon_stream/fact_tools/v.0.18.0/proton_12/output_spe_extractor_mc_181.json,1240,False
/net/big-tank/POOL/projects/fact/simulation/photon_stream/fact_tools/v.0.18.0/proton_12/output_spe_extractor_mc_349.json,1120,False
/net/big-tank/POOL/projects/fact/simulation/photon_stream/fact_tools/v.0.18.0/proton_12/output_spe_extractor_mc_230.json,1103,False
/net/big-tank/POOL/projects/fact/simulation/photon_stream/fact_tools/v.0.18.0/proton_12/output_spe_extractor_mc_354.json,1217,False
/net/big-tank/POOL/projects/fact/simulation/photon_stream/fact_tools/v.0.18.0/proton_12/output_spe_extractor_mc_175.json,1103,False
/net/big-tank/POOL/projects/fact/simulation/photon_stream/fact_tools/v.0.18.0/proton_12/output_spe_extractor_mc_292.json,1130,False
/net/big-tank/POOL/projects/fact/simulation/photon_stream/fact_tools/v.0.18.0/proton_12/output_spe_extractor_mc_144.json,1116,False
/net/big-tank/POOL/projects/fact/simulation/photon_stream/fact_tools/v.0.18.0/proton_12/output_spe_extractor_mc_96.json,1519,False
/net/big-tank/POOL/projects/fact/simulation/photon_stream/fact_tools/v.0.18.0/proton_12/output_spe_extractor_mc_34.json,1289,False
/net/big-tank/POOL/projects/fact/simulation/photon_stream/fact_tools/v.0.18.0/proton_12/output_spe_extractor_mc_365.json,1107,False
/net/big-tank/POOL/projects/fact/simulation/photon_stream/fact_tools/v.0.18.0/proton_12/output_spe_extractor_mc_201.json,1121,False
/net/big-tank/POOL/projects/fact/simulation/photon_stream/fact_tools/v.0.18.0/proton_12/output_spe_extractor_mc_126.json,1729,False
/net/big-tank/POOL/projects/fact/simulation/photon_stream/fact_tools/v.0.18.0/proton_12/output_spe_extractor_mc_307.json,1174,False
/net/big-tank/POOL/projects/fact/simulation/photon_stream/fact_tools/v.0.18.0/proton_12/output_spe_extractor_mc_263.json,1145,False
/net/big-tank/POOL/projects/fact/simulation/photon_stream/fact_tools/v.0.18.0/proton_12/output_spe_extractor_mc_184.json,1255,False
/net/big-tank/POOL/projects/fact/simulation/photon_stream/fact_tools/v.0.18.0/proton_12/output_spe_extractor_mc_228.json,1258,False
/net/big-tank/POOL/projects/fact/simulation/photon_stream/fact_tools/v.0.18.0/proton_12/output_spe_extractor_mc_56.json,1150,False
/net/big-tank/POOL/projects/fact/simulation/photon_stream/fact_tools/v.0.18.0/proton_12/output_spe_extractor_mc_219.json,1056,False
/net/big-tank/POOL/projects/fact/simulation/photon_stream/fact_tools/v.0.18.0/proton_12/output_spe_extractor_mc_252.json,1204,False
/net/big-tank/POOL/projects/fact/simulation/photon_stream/fact_tools/v.0.18.0/proton_12/output_spe_extractor_mc_336.json,1160,False
/net/big-tank/POOL/projects/fact/simulation/photon_stream/fact_tools/v.0.18.0/proton_12/output_spe_extractor_mc_2.json,1128,False
/net/big-tank/POOL/projects/fact/simulation/photon_stream/fact_tools/v.0.18.0/proton_12/output_spe_extractor_mc_67.json,1375,False
/net/big-tank/POOL/projects/fact/simulation/photon_stream/fact_tools/v.0.18.0/proton_12/output_spe_extractor_mc_117.json,1921,False
/net/big-tank/POOL/projects/fact/simulation/photon_stream/fact_tools/v.0.18.0/proton_12/output_spe_extractor_mc_394.json,1109,False
/net/big-tank/POOL/projects/fact/simulation/photon_stream/fact_tools/v.0.18.0/proton_12/output_spe_extractor_mc_140.json,1199,False
/net/big-tank/POOL/projects/fact/simulation/photon_stream/fact_tools/v.0.18.0/proton_12/output_spe_extractor_mc_388.json,1124,False
/net/big-tank/POOL/projects/fact/simulation/photon_stream/fact_tools/v.0.18.0/proton_12/output_spe_extractor_mc_92.json,1855,False
/net/big-tank/POOL/projects/fact/simulation/photon_stream/fact_tools/v.0.18.0/proton_12/output_spe_extractor_mc_30.json,1159,False
/net/big-tank/POOL/projects/fact/simulation/photon_stream/fact_tools/v.0.18.0/proton_12/output_spe_extractor_mc_361.json,1159,False
/net/big-tank/POOL/projects/fact/simulation/photon_stream/fact_tools/v.0.18.0/proton_12/output_spe_extractor_mc_205.json,1136,False
/net/big-tank/POOL/projects/fact/simulation/photon_stream/fact_tools/v.0.18.0/proton_12/output_spe_extractor_mc_234.json,1187,False
/net/big-tank/POOL/projects/fact/simulation/photon_stream/fact_tools/v.0.18.0/proton_12/output_spe_extractor_mc_350.json,1091,False
/net/big-tank/POOL/projects/fact/simulation/photon_stream/fact_tools/v.0.18.0/proton_12/output_spe_extractor_mc_198.json,1090,False
/net/big-tank/POOL/projects/fact/simulation/photon_stream/fact_tools/v.0.18.0/proton_12/output_spe_extractor_mc_296.json,1229,False
/net/big-tank/POOL/projects/fact/simulation/photon_stream/fact_tools/v.0.18.0/proton_12/output_spe_extractor_mc_171.json,1220,False
/net/big-tank/POOL/projects/fact/simulation/photon_stream/fact_tools/v.0.18.0/proton_12/output_spe_extractor_mc_256.json,1226,False
/net/big-tank/POOL/projects/fact/simulation/photon_stream/fact_tools/v.0.18.0/proton_12/output_spe_extractor_mc_332.json,1076,False
/net/big-tank/POOL/projects/fact/simulation/photon_stream/fact_tools/v.0.18.0/proton_12/output_spe_extractor_mc_379.json,1009,False
/net/big-tank/POOL/projects/fact/simulation/photon_stream/fact_tools/v.0.18.0/proton_12/output_spe_extractor_mc_63.json,1240,False
/net/big-tank/POOL/projects/fact/simulation/photon_stream/fact_tools/v.0.18.0/proton_12/output_spe_extractor_mc_6.json,1160,False
/net/big-tank/POOL/projects/fact/simulation/photon_stream/fact_tools/v.0.18.0/proton_12/output_spe_extractor_mc_28.json,1079,False
/net/big-tank/POOL/projects/fact/simulation/photon_stream/fact_tools/v.0.18.0/proton_12/output_spe_extractor_mc_390.json,1193,False
/net/big-tank/POOL/projects/fact/simulation/photon_stream/fact_tools/v.0.18.0/proton_12/output_spe_extractor_mc_158.json,1154,False
/net/big-tank/POOL/projects/fact/simulation/photon_stream/fact_tools/v.0.18.0/proton_12/output_spe_extractor_mc_113.json,1933,False
/net/big-tank/POOL/projects/fact/simulation/photon_stream/fact_tools/v.0.18.0/proton_12/output_spe_extractor_mc_122.json,1883,False
/net/big-tank/POOL/projects/fact/simulation/photon_stream/fact_tools/v.0.18.0/proton_12/output_spe_extractor_mc_169.json,1170,False
/net/big-tank/POOL/projects/fact/simulation/photon_stream/fact_tools/v.0.18.0/proton_12/output_spe_extractor_mc_180.json,1205,False
/net/big-tank/POOL/projects/fact/simulation/photon_stream/fact_tools/v.0.18.0/proton_12/output_spe_extractor_mc_348.json,1080,False
/net/big-tank/POOL/projects/fact/simulation/photon_stream/fact_tools/v.0.18.0/proton_12/output_spe_extractor_mc_303.json,1179,False
/net/big-tank/POOL/projects/fact/simulation/photon_stream/fact_tools/v.0.18.0/proton_12/output_spe_extractor_mc_267.json,1168,False
/net/big-tank/POOL/projects/fact/simulation/photon_stream/fact_tools/v.0.18.0/proton_12/output_spe_extractor_mc_19.json,1125,False
/net/big-tank/POOL/projects/fact/simulation/photon_stream/fact_tools/v.0.18.0/proton_12/output_spe_extractor_mc_52.json,1173,False
/net/big-tank/POOL/projects/fact/simulation/photon_stream/fact_tools/v.0.18.0/proton_12/output_spe_extractor_mc_282.json,1193,False
/net/big-tank/POOL/projects/fact/simulation/photon_stream/fact_tools/v.0.18.0/proton_12/output_spe_extractor_mc_165.json,1148,False
/net/big-tank/POOL/projects/fact/simulation/photon_stream/fact_tools/v.0.18.0/proton_12/output_spe_extractor_mc_15.json,1250,False
/net/big-tank/POOL/projects/fact/simulation/photon_stream/fact_tools/v.0.18.0/proton_12/output_spe_extractor_mc_220.json,1136,False
/net/big-tank/POOL/projects/fact/simulation/photon_stream/fact_tools/v.0.18.0/proton_12/output_spe_extractor_mc_344.json,1132,False
/net/big-tank/POOL/projects/fact/simulation/photon_stream/fact_tools/v.0.18.0/proton_12/output_spe_extractor_mc_24.json,1193,False
/net/big-tank/POOL/projects/fact/simulation/photon_stream/fact_tools/v.0.18.0/proton_12/output_spe_extractor_mc_375.json,1178,False
/net/big-tank/POOL/projects/fact/simulation/photon_stream/fact_tools/v.0.18.0/proton_12/output_spe_extractor_mc_211.json,1157,False
/net/big-tank/POOL/projects/fact/simulation/photon_stream/fact_tools/v.0.18.0/proton_12/output_spe_extractor_mc_154.json,1203,False
/net/big-tank/POOL/projects/fact/simulation/photon_stream/fact_tools/v.0.18.0/proton_12/output_spe_extractor_mc_86.json,1914,False
/net/big-tank/POOL/projects/fact/simulation/photon_stream/fact_tools/v.0.18.0/proton_12/output_spe_extractor_mc_238.json,1108,False
/net/big-tank/POOL/projects/fact/simulation/photon_stream/fact_tools/v.0.18.0/proton_12/output_spe_extractor_mc_194.json,1145,False
/net/big-tank/POOL/projects/fact/simulation/photon_stream/fact_tools/v.0.18.0/proton_12/output_spe_extractor_mc_317.json,1030,False
/net/big-tank/POOL/projects/fact/simulation/photon_stream/fact_tools/v.0.18.0/proton_12/output_spe_extractor_mc_273.json,1151,False
/net/big-tank/POOL/projects/fact/simulation/photon_stream/fact_tools/v.0.18.0/proton_12/output_spe_extractor_mc_46.json,1157,False
/net/big-tank/POOL/projects/fact/simulation/photon_stream/fact_tools/v.0.18.0/proton_12/output_spe_extractor_mc_136.json,1493,False
/net/big-tank/POOL/projects/fact/simulation/photon_stream/fact_tools/v.0.18.0/proton_12/output_spe_extractor_mc_384.json,1114,False
/net/big-tank/POOL/projects/fact/simulation/photon_stream/fact_tools/v.0.18.0/proton_12/output_spe_extractor_mc_107.json,1819,False
/net/big-tank/POOL/projects/fact/simulation/photon_stream/fact_tools/v.0.18.0/proton_12/output_spe_extractor_mc_242.json,1096,False
/net/big-tank/POOL/projects/fact/simulation/photon_stream/fact_tools/v.0.18.0/proton_12/output_spe_extractor_mc_326.json,1129,False
/net/big-tank/POOL/projects/fact/simulation/photon_stream/fact_tools/v.0.18.0/proton_12/output_spe_extractor_mc_209.json,1206,False
/net/big-tank/POOL/projects/fact/simulation/photon_stream/fact_tools/v.0.18.0/proton_12/output_spe_extractor_mc_77.json,1756,False
/net/big-tank/POOL/projects/fact/simulation/photon_stream/fact_tools/v.0.18.0/proton_12/output_spe_extractor_mc_20.json,1202,False
/net/big-tank/POOL/projects/fact/simulation/photon_stream/fact_tools/v.0.18.0/proton_12/output_spe_extractor_mc_371.json,1132,False
/net/big-tank/POOL/projects/fact/simulation/photon_stream/fact_tools/v.0.18.0/proton_12/output_spe_extractor_mc_215.json,1222,False
/net/big-tank/POOL/projects/fact/simulation/photon_stream/fact_tools/v.0.18.0/proton_12/output_spe_extractor_mc_398.json,1180,False
/net/big-tank/POOL/projects/fact/simulation/photon_stream/fact_tools/v.0.18.0/proton_12/output_spe_extractor_mc_150.json,1287,False
/net/big-tank/POOL/projects/fact/simulation/photon_stream/fact_tools/v.0.18.0/proton_12/output_spe_extractor_mc_82.json,1750,False
/net/big-tank/POOL/projects/fact/simulation/photon_stream/fact_tools/v.0.18.0/proton_12/output_spe_extractor_mc_161.json,1188,False
/net/big-tank/POOL/projects/fact/simulation/photon_stream/fact_tools/v.0.18.0/proton_12/output_spe_extractor_mc_286.json,1116,False
/net/big-tank/POOL/projects/fact/simulation/photon_stream/fact_tools/v.0.18.0/proton_12/output_spe_extractor_mc_11.json,1146,False
/net/big-tank/POOL/projects/fact/simulation/photon_stream/fact_tools/v.0.18.0/proton_12/output_spe_extractor_mc_188.json,1228,False
/net/big-tank/POOL/projects/fact/simulation/photon_stream/fact_tools/v.0.18.0/proton_12/output_spe_extractor_mc_224.json,1056,False
/net/big-tank/POOL/projects/fact/simulation/photon_stream/fact_tools/v.0.18.0/proton_12/output_spe_extractor_mc_340.json,1204,False
/net/big-tank/POOL/projects/fact/simulation/photon_stream/fact_tools/v.0.18.0/proton_12/output_spe_extractor_mc_103.json,1957,False
/net/big-tank/POOL/projects/fact/simulation/photon_stream/fact_tools/v.0.18.0/proton_12/output_spe_extractor_mc_148.json,1132,False
/net/big-tank/POOL/projects/fact/simulation/photon_stream/fact_tools/v.0.18.0/proton_12/output_spe_extractor_mc_380.json,1228,False
/net/big-tank/POOL/projects/fact/simulation/photon_stream/fact_tools/v.0.18.0/proton_12/output_spe_extractor_mc_369.json,1182,False
/net/big-tank/POOL/projects/fact/simulation/photon_stream/fact_tools/v.0.18.0/proton_12/output_spe_extractor_mc_246.json,1234,False
/net/big-tank/POOL/projects/fact/simulation/photon_stream/fact_tools/v.0.18.0/proton_12/output_spe_extractor_mc_322.json,1268,False
/net/big-tank/POOL/projects/fact/simulation/photon_stream/fact_tools/v.0.18.0/proton_12/output_spe_extractor_mc_38.json,1136,False
/net/big-tank/POOL/projects/fact/simulation/photon_stream/fact_tools/v.0.18.0/proton_12/output_spe_extractor_mc_73.json,1657,False
/net/big-tank/POOL/projects/fact/simulation/photon_stream/fact_tools/v.0.18.0/proton_12/output_spe_extractor_mc_313.json,1210,False
/net/big-tank/POOL/projects/fact/simulation/photon_stream/fact_tools/v.0.18.0/proton_12/output_spe_extractor_mc_277.json,1091,False
/net/big-tank/POOL/projects/fact/simulation/photon_stream/fact_tools/v.0.18.0/proton_12/output_spe_extractor_mc_358.json,1166,False
/net/big-tank/POOL/projects/fact/simulation/photon_stream/fact_tools/v.0.18.0/proton_12/output_spe_extractor_mc_190.json,1179,False
/net/big-tank/POOL/projects/fact/simulation/photon_stream/fact_tools/v.0.18.0/proton_12/output_spe_extractor_mc_42.json,1168,False
/net/big-tank/POOL/projects/fact/simulation/photon_stream/fact_tools/v.0.18.0/proton_12/output_spe_extractor_mc_179.json,1194,False
/net/big-tank/POOL/projects/fact/simulation/photon_stream/fact_tools/v.0.18.0/proton_12/output_spe_extractor_mc_132.json,1705,False
/net/big-tank/POOL/projects/fact/simulation/photon_stream/fact_tools/v.0.18.0/proton_12/output_spe_extractor_mc_177.json,1172,False
/net/big-tank/POOL/projects/fact/simulation/photon_stream/fact_tools/v.0.18.0/proton_12/output_spe_extractor_mc_290.json,1120,False
/net/big-tank/POOL/projects/fact/simulation/photon_stream/fact_tools/v.0.18.0/proton_12/output_spe_extractor_mc_279.json,1211,False
/net/big-tank/POOL/projects/fact/simulation/photon_stream/fact_tools/v.0.18.0/proton_12/output_spe_extractor_mc_232.json,1143,False
/net/big-tank/POOL/projects/fact/simulation/photon_stream/fact_tools/v.0.18.0/proton_12/output_spe_extractor_mc_356.json,1103,False
/net/big-tank/POOL/projects/fact/simulation/photon_stream/fact_tools/v.0.18.0/proton_12/output_spe_extractor_mc_367.json,1127,False
/net/big-tank/POOL/projects/fact/simulation/photon_stream/fact_tools/v.0.18.0/proton_12/output_spe_extractor_mc_203.json,1198,False
/net/big-tank/POOL/projects/fact/simulation/photon_stream/fact_tools/v.0.18.0/proton_12/output_spe_extractor_mc_248.json,1153,False
/net/big-tank/POOL/projects/fact/simulation/photon_stream/fact_tools/v.0.18.0/proton_12/output_spe_extractor_mc_36.json,1232,False
/net/big-tank/POOL/projects/fact/simulation/photon_stream/fact_tools/v.0.18.0/proton_12/output_spe_extractor_mc_94.json,1895,False
/net/big-tank/POOL/projects/fact/simulation/photon_stream/fact_tools/v.0.18.0/proton_12/output_spe_extractor_mc_146.json,1178,False
/net/big-tank/POOL/projects/fact/simulation/photon_stream/fact_tools/v.0.18.0/proton_12/output_spe_extractor_mc_54.json,1184,False
/net/big-tank/POOL/projects/fact/simulation/photon_stream/fact_tools/v.0.18.0/proton_12/output_spe_extractor_mc_305.json,1139,False
/net/big-tank/POOL/projects/fact/simulation/photon_stream/fact_tools/v.0.18.0/proton_12/output_spe_extractor_mc_261.json,1206,False
/net/big-tank/POOL/projects/fact/simulation/photon_stream/fact_tools/v.0.18.0/proton_12/output_spe_extractor_mc_186.json,1233,False
/net/big-tank/POOL/projects/fact/simulation/photon_stream/fact_tools/v.0.18.0/proton_12/output_spe_extractor_mc_288.json,1147,False
/net/big-tank/POOL/projects/fact/simulation/photon_stream/fact_tools/v.0.18.0/proton_12/output_spe_extractor_mc_124.json,1687,False
/net/big-tank/POOL/projects/fact/simulation/photon_stream/fact_tools/v.0.18.0/proton_12/output_spe_extractor_mc_115.json,1704,False
/net/big-tank/POOL/projects/fact/simulation/photon_stream/fact_tools/v.0.18.0/proton_12/output_spe_extractor_mc_396.json,1200,False
/net/big-tank/POOL/projects/fact/simulation/photon_stream/fact_tools/v.0.18.0/proton_12/output_spe_extractor_mc_0.json,1382,False
/net/big-tank/POOL/projects/fact/simulation/photon_stream/fact_tools/v.0.18.0/proton_12/output_spe_extractor_mc_65.json,1173,False
/net/big-tank/POOL/projects/fact/simulation/photon_stream/fact_tools/v.0.18.0/proton_12/output_spe_extractor_mc_250.json,1192,False
/net/big-tank/POOL/projects/fact/simulation/photon_stream/fact_tools/v.0.18.0/proton_12/output_spe_extractor_mc_334.json,1146,False
/net/big-tank/POOL/projects/fact/simulation/photon_stream/fact_tools/v.0.18.0/proton_12/output_spe_extractor_mc_328.json,1219,False
/net/big-tank/POOL/projects/fact/simulation/photon_stream/fact_tools/v.0.18.0/proton_12/output_spe_extractor_mc_363.json,1200,False
/net/big-tank/POOL/projects/fact/simulation/photon_stream/fact_tools/v.0.18.0/proton_12/output_spe_extractor_mc_207.json,1196,False
/net/big-tank/POOL/projects/fact/simulation/photon_stream/fact_tools/v.0.18.0/proton_12/output_spe_extractor_mc_79.json,1731,False
/net/big-tank/POOL/projects/fact/simulation/photon_stream/fact_tools/v.0.18.0/proton_12/output_spe_extractor_mc_32.json,1225,False
/net/big-tank/POOL/projects/fact/simulation/photon_stream/fact_tools/v.0.18.0/proton_12/output_spe_extractor_mc_90.json,1829,False
/net/big-tank/POOL/projects/fact/simulation/photon_stream/fact_tools/v.0.18.0/proton_12/output_spe_extractor_mc_142.json,1062,False
/net/big-tank/POOL/projects/fact/simulation/photon_stream/fact_tools/v.0.18.0/proton_12/output_spe_extractor_mc_109.json,1748,False
/net/big-tank/POOL/projects/fact/simulation/photon_stream/fact_tools/v.0.18.0/proton_12/output_spe_extractor_mc_138.json,1121,False
/net/big-tank/POOL/projects/fact/simulation/photon_stream/fact_tools/v.0.18.0/proton_12/output_spe_extractor_mc_294.json,1102,False
/net/big-tank/POOL/projects/fact/simulation/photon_stream/fact_tools/v.0.18.0/proton_12/output_spe_extractor_mc_173.json,1159,False
/net/big-tank/POOL/projects/fact/simulation/photon_stream/fact_tools/v.0.18.0/proton_12/output_spe_extractor_mc_236.json,1210,False
/net/big-tank/POOL/projects/fact/simulation/photon_stream/fact_tools/v.0.18.0/proton_12/output_spe_extractor_mc_352.json,1091,False
/net/big-tank/POOL/projects/fact/simulation/photon_stream/fact_tools/v.0.18.0/proton_12/output_spe_extractor_mc_319.json,1108,False
/net/big-tank/POOL/projects/fact/simulation/photon_stream/fact_tools/v.0.18.0/proton_12/output_spe_extractor_mc_48.json,1339,False
/net/big-tank/POOL/projects/fact/simulation/photon_stream/fact_tools/v.0.18.0/proton_12/output_spe_extractor_mc_392.json,1108,False
/net/big-tank/POOL/projects/fact/simulation/photon_stream/fact_tools/v.0.18.0/proton_12/output_spe_extractor_mc_111.json,1670,False
/net/big-tank/POOL/projects/fact/simulation/photon_stream/fact_tools/v.0.18.0/proton_12/output_spe_extractor_mc_88.json,1839,False
/net/big-tank/POOL/projects/fact/simulation/photon_stream/fact_tools/v.0.18.0/proton_12/output_spe_extractor_mc_61.json,1229,False
/net/big-tank/POOL/projects/fact/simulation/photon_stream/fact_tools/v.0.18.0/proton_12/output_spe_extractor_mc_4.json,1092,False
/net/big-tank/POOL/projects/fact/simulation/photon_stream/fact_tools/v.0.18.0/proton_12/output_spe_extractor_mc_254.json,1181,False
/net/big-tank/POOL/projects/fact/simulation/photon_stream/fact_tools/v.0.18.0/proton_12/output_spe_extractor_mc_330.json,1121,False
/net/big-tank/POOL/projects/fact/simulation/photon_stream/fact_tools/v.0.18.0/proton_12/output_spe_extractor_mc_50.json,1174,False
/net/big-tank/POOL/projects/fact/simulation/photon_stream/fact_tools/v.0.18.0/proton_12/output_spe_extractor_mc_182.json,1219,False
/net/big-tank/POOL/projects/fact/simulation/photon_stream/fact_tools/v.0.18.0/proton_12/output_spe_extractor_mc_301.json,1158,False
/net/big-tank/POOL/projects/fact/simulation/photon_stream/fact_tools/v.0.18.0/proton_12/output_spe_extractor_mc_265.json,1098,False
/net/big-tank/POOL/projects/fact/simulation/photon_stream/fact_tools/v.0.18.0/proton_12/output_spe_extractor_mc_120.json,1731,False
/net/big-tank/POOL/projects/fact/simulation/photon_stream/fact_tools/v.0.18.0/proton_12/output_spe_extractor_mc_222.json,1214,False
/net/big-tank/POOL/projects/fact/simulation/photon_stream/fact_tools/v.0.18.0/proton_12/output_spe_extractor_mc_346.json,1123,False
/net/big-tank/POOL/projects/fact/simulation/photon_stream/fact_tools/v.0.18.0/proton_12/output_spe_extractor_mc_269.json,1314,False
/net/big-tank/POOL/projects/fact/simulation/photon_stream/fact_tools/v.0.18.0/proton_12/output_spe_extractor_mc_17.json,1211,False
/net/big-tank/POOL/projects/fact/simulation/photon_stream/fact_tools/v.0.18.0/proton_12/output_spe_extractor_mc_280.json,1203,False
/net/big-tank/POOL/projects/fact/simulation/photon_stream/fact_tools/v.0.18.0/proton_12/output_spe_extractor_mc_167.json,1179,False
/net/big-tank/POOL/projects/fact/simulation/photon_stream/fact_tools/v.0.18.0/proton_12/output_spe_extractor_mc_84.json,1584,False
/net/big-tank/POOL/projects/fact/simulation/photon_stream/fact_tools/v.0.18.0/proton_12/output_spe_extractor_mc_156.json,1176,False
/net/big-tank/POOL/projects/fact/simulation/photon_stream/fact_tools/v.0.18.0/proton_12/output_spe_extractor_mc_258.json,110,False
/net/big-tank/POOL/projects/fact/simulation/photon_stream/fact_tools/v.0.18.0/proton_12/output_spe_extractor_mc_377.json,1214,False
/net/big-tank/POOL/projects/fact/simulation/photon_stream/fact_tools/v.0.18.0/proton_12/output_spe_extractor_mc_213.json,1161,False
/net/big-tank/POOL/projects/fact/simulation/photon_stream/fact_tools/v.0.18.0/proton_12/output_spe_extractor_mc_26.json,1163,False
/net/big-tank/POOL/projects/fact/simulation/photon_stream/fact_tools/v.0.18.0/proton_12/output_spe_extractor_mc_8.json,1134,False
/net/big-tank/POOL/projects/fact/simulation/photon_stream/fact_tools/v.0.18.0/proton_12/output_spe_extractor_mc_134.json,2883,False
/net/big-tank/POOL/projects/fact/simulation/photon_stream/fact_tools/v.0.18.0/proton_12/output_spe_extractor_mc_298.json,1153,False
/net/big-tank/POOL/projects/fact/simulation/photon_stream/fact_tools/v.0.18.0/proton_12/output_spe_extractor_mc_44.json,1097,False
/net/big-tank/POOL/projects/fact/simulation/photon_stream/fact_tools/v.0.18.0/proton_12/output_spe_extractor_mc_196.json,1154,False
/net/big-tank/POOL/projects/fact/simulation/photon_stream/fact_tools/v.0.18.0/proton_12/output_spe_extractor_mc_315.json,1175,False
/net/big-tank/POOL/projects/fact/simulation/photon_stream/fact_tools/v.0.18.0/proton_12/output_spe_extractor_mc_271.json,1213,False
/net/big-tank/POOL/projects/fact/simulation/photon_stream/fact_tools/v.0.18.0/proton_12/output_spe_extractor_mc_75.json,1683,False
/net/big-tank/POOL/projects/fact/simulation/photon_stream/fact_tools/v.0.18.0/proton_12/output_spe_extractor_mc_240.json,1159,False
/net/big-tank/POOL/projects/fact/simulation/photon_stream/fact_tools/v.0.18.0/proton_12/output_spe_extractor_mc_324.json,1151,False
/net/big-tank/POOL/projects/fact/simulation/photon_stream/fact_tools/v.0.18.0/proton_12/output_spe_extractor_mc_386.json,1159,False
/net/big-tank/POOL/projects/fact/simulation/photon_stream/fact_tools/v.0.18.0/proton_12/output_spe_extractor_mc_105.json,1846,False
/net/big-tank/POOL/projects/fact/simulation/photon_stream/fact_tools/v.0.18.0/proton_12/output_spe_extractor_mc_80.json,1829,False
/net/big-tank/POOL/projects/fact/simulation/photon_stream/fact_tools/v.0.18.0/proton_12/output_spe_extractor_mc_119.json,1737,False
/net/big-tank/POOL/projects/fact/simulation/photon_stream/fact_tools/v.0.18.0/proton_12/output_spe_extractor_mc_152.json,1243,False
/net/big-tank/POOL/projects/fact/simulation/photon_stream/fact_tools/v.0.18.0/proton_12/output_spe_extractor_mc_373.json,1103,False
/net/big-tank/POOL/projects/fact/simulation/photon_stream/fact_tools/v.0.18.0/proton_12/output_spe_extractor_mc_217.json,1107,False
/net/big-tank/POOL/projects/fact/simulation/photon_stream/fact_tools/v.0.18.0/proton_12/output_spe_extractor_mc_338.json,1186,False
/net/big-tank/POOL/projects/fact/simulation/photon_stream/fact_tools/v.0.18.0/proton_12/output_spe_extractor_mc_22.json,1107,False
/net/big-tank/POOL/projects/fact/simulation/photon_stream/fact_tools/v.0.18.0/proton_12/output_spe_extractor_mc_69.json,1889,False
/net/big-tank/POOL/projects/fact/simulation/photon_stream/fact_tools/v.0.18.0/proton_12/output_spe_extractor_mc_309.json,1137,False
/net/big-tank/POOL/projects/fact/simulation/photon_stream/fact_tools/v.0.18.0/proton_12/output_spe_extractor_mc_226.json,1122,False
/net/big-tank/POOL/projects/fact/simulation/photon_stream/fact_tools/v.0.18.0/proton_12/output_spe_extractor_mc_342.json,1092,False
/net/big-tank/POOL/projects/fact/simulation/photon_stream/fact_tools/v.0.18.0/proton_12/output_spe_extractor_mc_58.json,1250,False
/net/big-tank/POOL/projects/fact/simulation/photon_stream/fact_tools/v.0.18.0/proton_12/output_spe_extractor_mc_13.json,1161,False
/net/big-tank/POOL/projects/fact/simulation/photon_stream/fact_tools/v.0.18.0/proton_12/output_spe_extractor_mc_163.json,1167,False
/net/big-tank/POOL/projects/fact/simulation/photon_stream/fact_tools/v.0.18.0/proton_12/output_spe_extractor_mc_284.json,1202,False
/net/big-tank/POOL/projects/fact/simulation/photon_stream/fact_tools/v.0.18.0/proton_12/output_spe_extractor_mc_128.json,1797,False
/net/big-tank/POOL/projects/fact/simulation/photon_stream/fact_tools/v.0.18.0/proton_12/output_spe_extractor_mc_71.json,1867,False
/net/big-tank/POOL/projects/fact/simulation/photon_stream/fact_tools/v.0.18.0/proton_12/output_spe_extractor_mc_244.json,1091,False
/net/big-tank/POOL/projects/fact/simulation/photon_stream/fact_tools/v.0.18.0/proton_12/output_spe_extractor_mc_320.json,1112,False
/net/big-tank/POOL/projects/fact/simulation/photon_stream/fact_tools/v.0.18.0/proton_12/output_spe_extractor_mc_101.json,1623,False
/net/big-tank/POOL/projects/fact/simulation/photon_stream/fact_tools/v.0.18.0/proton_12/output_spe_extractor_mc_382.json,1115,False
/net/big-tank/POOL/projects/fact/simulation/photon_stream/fact_tools/v.0.18.0/proton_12/output_spe_extractor_mc_98.json,1762,False
/net/big-tank/POOL/projects/fact/simulation/photon_stream/fact_tools/v.0.18.0/proton_12/output_spe_extractor_mc_130.json,1762,False
/net/big-tank/POOL/projects/fact/simulation/photon_stream/fact_tools/v.0.18.0/proton_12/output_spe_extractor_mc_40.json,1291,False
/net/big-tank/POOL/projects/fact/simulation/photon_stream/fact_tools/v.0.18.0/proton_12/output_spe_extractor_mc_311.json,1142,False
/net/big-tank/POOL/projects/fact/simulation/photon_stream/fact_tools/v.0.18.0/proton_12/output_spe_extractor_mc_275.json,1163,False
/net/big-tank/POOL/projects/fact/simulation/photon_stream/fact_tools/v.0.18.0/proton_12/output_spe_extractor_mc_192.json,1124,False
/net/big-tank/POOL/projects/fact/simulation/photon_stream/fact_tools/v.0.18.0/proton_12/output_spe_extractor_mc_16.json,1165,False
/net/big-tank/POOL/projects/fact/simulation/photon_stream/fact_tools/v.0.18.0/proton_12/output_spe_extractor_mc_268.json,1153,False
/net/big-tank/POOL/projects/fact/simulation/photon_stream/fact_tools/v.0.18.0/proton_12/output_spe_extractor_mc_223.json,1252,False
/net/big-tank/POOL/projects/fact/simulation/photon_stream/fact_tools/v.0.18.0/proton_12/output_spe_extractor_mc_347.json,1057,False
/net/big-tank/POOL/projects/fact/simulation/photon_stream/fact_tools/v.0.18.0/proton_12/output_spe_extractor_mc_166.json,1145,False
/net/big-tank/POOL/projects/fact/simulation/photon_stream/fact_tools/v.0.18.0/proton_12/output_spe_extractor_mc_281.json,1177,False
/net/big-tank/POOL/projects/fact/simulation/photon_stream/fact_tools/v.0.18.0/proton_12/output_spe_extractor_mc_157.json,1200,False
/net/big-tank/POOL/projects/fact/simulation/photon_stream/fact_tools/v.0.18.0/proton_12/output_spe_extractor_mc_85.json,1846,False
/net/big-tank/POOL/projects/fact/simulation/photon_stream/fact_tools/v.0.18.0/proton_12/output_spe_extractor_mc_27.json,1131,False
/net/big-tank/POOL/projects/fact/simulation/photon_stream/fact_tools/v.0.18.0/proton_12/output_spe_extractor_mc_9.json,1133,False
/net/big-tank/POOL/projects/fact/simulation/photon_stream/fact_tools/v.0.18.0/proton_12/output_spe_extractor_mc_376.json,1081,False
/net/big-tank/POOL/projects/fact/simulation/photon_stream/fact_tools/v.0.18.0/proton_12/output_spe_extractor_mc_212.json,1069,False
/net/big-tank/POOL/projects/fact/simulation/photon_stream/fact_tools/v.0.18.0/proton_12/output_spe_extractor_mc_259.json,1203,False
/net/big-tank/POOL/projects/fact/simulation/photon_stream/fact_tools/v.0.18.0/proton_12/output_spe_extractor_mc_135.json,2882,False
/net/big-tank/POOL/projects/fact/simulation/photon_stream/fact_tools/v.0.18.0/proton_12/output_spe_extractor_mc_299.json,1198,False
/net/big-tank/POOL/projects/fact/simulation/photon_stream/fact_tools/v.0.18.0/proton_12/output_spe_extractor_mc_314.json,1114,False
/net/big-tank/POOL/projects/fact/simulation/photon_stream/fact_tools/v.0.18.0/proton_12/output_spe_extractor_mc_270.json,1110,False
/net/big-tank/POOL/projects/fact/simulation/photon_stream/fact_tools/v.0.18.0/proton_12/output_spe_extractor_mc_197.json,1052,False
/net/big-tank/POOL/projects/fact/simulation/photon_stream/fact_tools/v.0.18.0/proton_12/output_spe_extractor_mc_45.json,1098,False
/net/big-tank/POOL/projects/fact/simulation/photon_stream/fact_tools/v.0.18.0/proton_12/output_spe_extractor_mc_241.json,1324,False
/net/big-tank/POOL/projects/fact/simulation/photon_stream/fact_tools/v.0.18.0/proton_12/output_spe_extractor_mc_325.json,1119,False
/net/big-tank/POOL/projects/fact/simulation/photon_stream/fact_tools/v.0.18.0/proton_12/output_spe_extractor_mc_74.json,1473,False
/net/big-tank/POOL/projects/fact/simulation/photon_stream/fact_tools/v.0.18.0/proton_12/output_spe_extractor_mc_104.json,1617,False
/net/big-tank/POOL/projects/fact/simulation/photon_stream/fact_tools/v.0.18.0/proton_12/output_spe_extractor_mc_387.json,978,False
/net/big-tank/POOL/projects/fact/simulation/photon_stream/fact_tools/v.0.18.0/proton_12/output_spe_extractor_mc_153.json,1092,False
/net/big-tank/POOL/projects/fact/simulation/photon_stream/fact_tools/v.0.18.0/proton_12/output_spe_extractor_mc_118.json,1579,False
/net/big-tank/POOL/projects/fact/simulation/photon_stream/fact_tools/v.0.18.0/proton_12/output_spe_extractor_mc_81.json,1713,False
/net/big-tank/POOL/projects/fact/simulation/photon_stream/fact_tools/v.0.18.0/proton_12/output_spe_extractor_mc_68.json,1718,False
/net/big-tank/POOL/projects/fact/simulation/photon_stream/fact_tools/v.0.18.0/proton_12/output_spe_extractor_mc_23.json,1155,False
/net/big-tank/POOL/projects/fact/simulation/photon_stream/fact_tools/v.0.18.0/proton_12/output_spe_extractor_mc_339.json,1092,False
/net/big-tank/POOL/projects/fact/simulation/photon_stream/fact_tools/v.0.18.0/proton_12/output_spe_extractor_mc_372.json,1149,False
/net/big-tank/POOL/projects/fact/simulation/photon_stream/fact_tools/v.0.18.0/proton_12/output_spe_extractor_mc_216.json,1193,False
/net/big-tank/POOL/projects/fact/simulation/photon_stream/fact_tools/v.0.18.0/proton_12/output_spe_extractor_mc_12.json,1209,False
/net/big-tank/POOL/projects/fact/simulation/photon_stream/fact_tools/v.0.18.0/proton_12/output_spe_extractor_mc_59.json,1168,False
/net/big-tank/POOL/projects/fact/simulation/photon_stream/fact_tools/v.0.18.0/proton_12/output_spe_extractor_mc_227.json,1202,False
/net/big-tank/POOL/projects/fact/simulation/photon_stream/fact_tools/v.0.18.0/proton_12/output_spe_extractor_mc_343.json,1074,False
/net/big-tank/POOL/projects/fact/simulation/photon_stream/fact_tools/v.0.18.0/proton_12/output_spe_extractor_mc_308.json,1218,False
/net/big-tank/POOL/projects/fact/simulation/photon_stream/fact_tools/v.0.18.0/proton_12/output_spe_extractor_mc_285.json,1221,False
/net/big-tank/POOL/projects/fact/simulation/photon_stream/fact_tools/v.0.18.0/proton_12/output_spe_extractor_mc_129.json,1801,False
/net/big-tank/POOL/projects/fact/simulation/photon_stream/fact_tools/v.0.18.0/proton_12/output_spe_extractor_mc_162.json,1158,False
/net/big-tank/POOL/projects/fact/simulation/photon_stream/fact_tools/v.0.18.0/proton_12/output_spe_extractor_mc_245.json,1203,False
/net/big-tank/POOL/projects/fact/simulation/photon_stream/fact_tools/v.0.18.0/proton_12/output_spe_extractor_mc_321.json,1068,False
/net/big-tank/POOL/projects/fact/simulation/photon_stream/fact_tools/v.0.18.0/proton_12/output_spe_extractor_mc_70.json,2042,False
/net/big-tank/POOL/projects/fact/simulation/photon_stream/fact_tools/v.0.18.0/proton_12/output_spe_extractor_mc_99.json,1745,False
/net/big-tank/POOL/projects/fact/simulation/photon_stream/fact_tools/v.0.18.0/proton_12/output_spe_extractor_mc_383.json,1129,False
/net/big-tank/POOL/projects/fact/simulation/photon_stream/fact_tools/v.0.18.0/proton_12/output_spe_extractor_mc_100.json,1936,False
/net/big-tank/POOL/projects/fact/simulation/photon_stream/fact_tools/v.0.18.0/proton_12/output_spe_extractor_mc_131.json,1805,False
/net/big-tank/POOL/projects/fact/simulation/photon_stream/fact_tools/v.0.18.0/proton_12/output_spe_extractor_mc_193.json,1183,False
/net/big-tank/POOL/projects/fact/simulation/photon_stream/fact_tools/v.0.18.0/proton_12/output_spe_extractor_mc_310.json,1067,False
/net/big-tank/POOL/projects/fact/simulation/photon_stream/fact_tools/v.0.18.0/proton_12/output_spe_extractor_mc_274.json,1149,False
/net/big-tank/POOL/projects/fact/simulation/photon_stream/fact_tools/v.0.18.0/proton_12/output_spe_extractor_mc_41.json,1247,False
/net/big-tank/POOL/projects/fact/simulation/photon_stream/fact_tools/v.0.18.0/proton_12/output_spe_extractor_mc_291.json,1066,False
/net/big-tank/POOL/projects/fact/simulation/photon_stream/fact_tools/v.0.18.0/proton_12/output_spe_extractor_mc_176.json,1240,False
/net/big-tank/POOL/projects/fact/simulation/photon_stream/fact_tools/v.0.18.0/proton_12/output_spe_extractor_mc_233.json,1142,False
/net/big-tank/POOL/projects/fact/simulation/photon_stream/fact_tools/v.0.18.0/proton_12/output_spe_extractor_mc_357.json,1189,False
/net/big-tank/POOL/projects/fact/simulation/photon_stream/fact_tools/v.0.18.0/proton_12/output_spe_extractor_mc_278.json,1053,False
/net/big-tank/POOL/projects/fact/simulation/photon_stream/fact_tools/v.0.18.0/proton_12/output_spe_extractor_mc_37.json,1126,False
/net/big-tank/POOL/projects/fact/simulation/photon_stream/fact_tools/v.0.18.0/proton_12/output_spe_extractor_mc_249.json,1088,False
/net/big-tank/POOL/projects/fact/simulation/photon_stream/fact_tools/v.0.18.0/proton_12/output_spe_extractor_mc_366.json,1247,False
/net/big-tank/POOL/projects/fact/simulation/photon_stream/fact_tools/v.0.18.0/proton_12/output_spe_extractor_mc_202.json,1110,False
/net/big-tank/POOL/projects/fact/simulation/photon_stream/fact_tools/v.0.18.0/proton_12/output_spe_extractor_mc_147.json,1122,False
/net/big-tank/POOL/projects/fact/simulation/photon_stream/fact_tools/v.0.18.0/proton_12/output_spe_extractor_mc_95.json,1633,False
/net/big-tank/POOL/projects/fact/simulation/photon_stream/fact_tools/v.0.18.0/proton_12/output_spe_extractor_mc_187.json,1222,False
/net/big-tank/POOL/projects/fact/simulation/photon_stream/fact_tools/v.0.18.0/proton_12/output_spe_extractor_mc_304.json,1134,False
/net/big-tank/POOL/projects/fact/simulation/photon_stream/fact_tools/v.0.18.0/proton_12/output_spe_extractor_mc_260.json,1120,False
/net/big-tank/POOL/projects/fact/simulation/photon_stream/fact_tools/v.0.18.0/proton_12/output_spe_extractor_mc_55.json,1145,False
/net/big-tank/POOL/projects/fact/simulation/photon_stream/fact_tools/v.0.18.0/proton_12/output_spe_extractor_mc_289.json,1024,False
/net/big-tank/POOL/projects/fact/simulation/photon_stream/fact_tools/v.0.18.0/proton_12/output_spe_extractor_mc_125.json,1963,False
/net/big-tank/POOL/projects/fact/simulation/photon_stream/fact_tools/v.0.18.0/proton_12/output_spe_extractor_mc_397.json,1290,False
/net/big-tank/POOL/projects/fact/simulation/photon_stream/fact_tools/v.0.18.0/proton_12/output_spe_extractor_mc_114.json,1533,False
/net/big-tank/POOL/projects/fact/simulation/photon_stream/fact_tools/v.0.18.0/proton_12/output_spe_extractor_mc_251.json,1156,False
/net/big-tank/POOL/projects/fact/simulation/photon_stream/fact_tools/v.0.18.0/proton_12/output_spe_extractor_mc_335.json,1162,False
/net/big-tank/POOL/projects/fact/simulation/photon_stream/fact_tools/v.0.18.0/proton_12/output_spe_extractor_mc_64.json,1172,False
/net/big-tank/POOL/projects/fact/simulation/photon_stream/fact_tools/v.0.18.0/proton_12/output_spe_extractor_mc_1.json,1398,False
/net/big-tank/POOL/projects/fact/simulation/photon_stream/fact_tools/v.0.18.0/proton_12/output_spe_extractor_mc_33.json,1124,False
/net/big-tank/POOL/projects/fact/simulation/photon_stream/fact_tools/v.0.18.0/proton_12/output_spe_extractor_mc_78.json,1883,False
/net/big-tank/POOL/projects/fact/simulation/photon_stream/fact_tools/v.0.18.0/proton_12/output_spe_extractor_mc_362.json,1146,False
/net/big-tank/POOL/projects/fact/simulation/photon_stream/fact_tools/v.0.18.0/proton_12/output_spe_extractor_mc_206.json,1186,False
/net/big-tank/POOL/projects/fact/simulation/photon_stream/fact_tools/v.0.18.0/proton_12/output_spe_extractor_mc_329.json,1227,False
/net/big-tank/POOL/projects/fact/simulation/photon_stream/fact_tools/v.0.18.0/proton_12/output_spe_extractor_mc_108.json,1666,False
/net/big-tank/POOL/projects/fact/simulation/photon_stream/fact_tools/v.0.18.0/proton_12/output_spe_extractor_mc_143.json,1141,False
/net/big-tank/POOL/projects/fact/simulation/photon_stream/fact_tools/v.0.18.0/proton_12/output_spe_extractor_mc_91.json,1842,False
/net/big-tank/POOL/projects/fact/simulation/photon_stream/fact_tools/v.0.18.0/proton_12/output_spe_extractor_mc_172.json,1104,False
/net/big-tank/POOL/projects/fact/simulation/photon_stream/fact_tools/v.0.18.0/proton_12/output_spe_extractor_mc_139.json,1198,False
/net/big-tank/POOL/projects/fact/simulation/photon_stream/fact_tools/v.0.18.0/proton_12/output_spe_extractor_mc_295.json,1261,False
/net/big-tank/POOL/projects/fact/simulation/photon_stream/fact_tools/v.0.18.0/proton_12/output_spe_extractor_mc_49.json,1143,False
/net/big-tank/POOL/projects/fact/simulation/photon_stream/fact_tools/v.0.18.0/proton_12/output_spe_extractor_mc_318.json,1160,False
/net/big-tank/POOL/projects/fact/simulation/photon_stream/fact_tools/v.0.18.0/proton_12/output_spe_extractor_mc_237.json,1200,False
/net/big-tank/POOL/projects/fact/simulation/photon_stream/fact_tools/v.0.18.0/proton_12/output_spe_extractor_mc_353.json,1151,False
/net/big-tank/POOL/projects/fact/simulation/photon_stream/fact_tools/v.0.18.0/proton_12/output_spe_extractor_mc_89.json,1699,False
/net/big-tank/POOL/projects/fact/simulation/photon_stream/fact_tools/v.0.18.0/proton_12/output_spe_extractor_mc_110.json,1651,False
/net/big-tank/POOL/projects/fact/simulation/photon_stream/fact_tools/v.0.18.0/proton_12/output_spe_extractor_mc_393.json,1236,False
/net/big-tank/POOL/projects/fact/simulation/photon_stream/fact_tools/v.0.18.0/proton_12/output_spe_extractor_mc_255.json,1191,False
/net/big-tank/POOL/projects/fact/simulation/photon_stream/fact_tools/v.0.18.0/proton_12/output_spe_extractor_mc_331.json,1144,False
/net/big-tank/POOL/projects/fact/simulation/photon_stream/fact_tools/v.0.18.0/proton_12/output_spe_extractor_mc_5.json,1117,False
/net/big-tank/POOL/projects/fact/simulation/photon_stream/fact_tools/v.0.18.0/proton_12/output_spe_extractor_mc_60.json,1175,False
/net/big-tank/POOL/projects/fact/simulation/photon_stream/fact_tools/v.0.18.0/proton_12/output_spe_extractor_mc_300.json,1197,False
/net/big-tank/POOL/projects/fact/simulation/photon_stream/fact_tools/v.0.18.0/proton_12/output_spe_extractor_mc_264.json,1081,False
/net/big-tank/POOL/projects/fact/simulation/photon_stream/fact_tools/v.0.18.0/proton_12/output_spe_extractor_mc_183.json,1239,False
/net/big-tank/POOL/projects/fact/simulation/photon_stream/fact_tools/v.0.18.0/proton_12/output_spe_extractor_mc_51.json,1163,False
/net/big-tank/POOL/projects/fact/simulation/photon_stream/fact_tools/v.0.18.0/proton_12/output_spe_extractor_mc_121.json,1827,False
/net/big-tank/POOL/projects/fact/simulation/photon_stream/fact_tools/v.0.18.0/gamma_gustav_12/output_spe_extractor_mc_39.json,9478,True
/net/big-tank/POOL/projects/fact/simulation/photon_stream/fact_tools/v.0.18.0/gamma_gustav_12/output_spe_extractor_mc_72.json,9660,True
/net/big-tank/POOL/projects/fact/simulation/photon_stream/fact_tools/v.0.18.0/gamma_gustav_12/output_spe_extractor_mc_43.json,9533,True
/net/big-tank/POOL/projects/fact/simulation/photon_stream/fact_tools/v.0.18.0/gamma_gustav_12/output_spe_extractor_mc_83.json,9805,True
/net/big-tank/POOL/projects/fact/simulation/photon_stream/fact_tools/v.0.18.0/gamma_gustav_12/output_spe_extractor_mc_21.json,9557,True
/net/big-tank/POOL/projects/fact/simulation/photon_stream/fact_tools/v.0.18.0/gamma_gustav_12/output_spe_extractor_mc_10.json,9464,True
/net/big-tank/POOL/projects/fact/simulation/photon_stream/fact_tools/v.0.18.0/gamma_gustav_12/output_spe_extractor_mc_3.json,9604,True
/net/big-tank/POOL/projects/fact/simulation/photon_stream/fact_tools/v.0.18.0/gamma_gustav_12/output_spe_extractor_mc_47.json,9400,True
/net/big-tank/POOL/projects/fact/simulation/photon_stream/fact_tools/v.0.18.0/gamma_gustav_12/output_spe_extractor_mc_76.json,9509,True
/net/big-tank/POOL/projects/fact/simulation/photon_stream/fact_tools/v.0.18.0/gamma_gustav_12/output_spe_extractor_mc_14.json,9632,True
/net/big-tank/POOL/projects/fact/simulation/photon_stream/fact_tools/v.0.18.0/gamma_gustav_12/output_spe_extractor_mc_7.json,9464,True
/net/big-tank/POOL/projects/fact/simulation/photon_stream/fact_tools/v.0.18.0/gamma_gustav_12/output_spe_extractor_mc_87.json,9552,True
/net/big-tank/POOL/projects/fact/simulation/photon_stream/fact_tools/v.0.18.0/gamma_gustav_12/output_spe_extractor_mc_25.json,9523,True
/net/big-tank/POOL/projects/fact/simulation/photon_stream/fact_tools/v.0.18.0/gamma_gustav_12/output_spe_extractor_mc_62.json,9621,True
/net/big-tank/POOL/projects/fact/simulation/photon_stream/fact_tools/v.0.18.0/gamma_gustav_12/output_spe_extractor_mc_29.json,9720,True
/net/big-tank/POOL/projects/fact/simulation/photon_stream/fact_tools/v.0.18.0/gamma_gustav_12/output_spe_extractor_mc_18.json,9566,True
/net/big-tank/POOL/projects/fact/simulation/photon_stream/fact_tools/v.0.18.0/gamma_gustav_12/output_spe_extractor_mc_53.json,9515,True
/net/big-tank/POOL/projects/fact/simulation/photon_stream/fact_tools/v.0.18.0/gamma_gustav_12/output_spe_extractor_mc_31.json,9669,True
/net/big-tank/POOL/projects/fact/simulation/photon_stream/fact_tools/v.0.18.0/gamma_gustav_12/output_spe_extractor_mc_93.json,9670,True
/net/big-tank/POOL/projects/fact/simulation/photon_stream/fact_tools/v.0.18.0/gamma_gustav_12/output_spe_extractor_mc_57.json,9532,True
/net/big-tank/POOL/projects/fact/simulation/photon_stream/fact_tools/v.0.18.0/gamma_gustav_12/output_spe_extractor_mc_66.json,9672,True
/net/big-tank/POOL/projects/fact/simulation/photon_stream/fact_tools/v.0.18.0/gamma_gustav_12/output_spe_extractor_mc_35.json,9523,True
/net/big-tank/POOL/projects/fact/simulation/photon_stream/fact_tools/v.0.18.0/gamma_gustav_12/output_spe_extractor_mc_97.json,9366,True
/net/big-tank/POOL/projects/fact/simulation/photon_stream/fact_tools/v.0.18.0/gamma_gustav_12/output_spe_extractor_mc_28.json,9541,True
/net/big-tank/POOL/projects/fact/simulation/photon_stream/fact_tools/v.0.18.0/gamma_gustav_12/output_spe_extractor_mc_63.json,9612,True
/net/big-tank/POOL/projects/fact/simulation/photon_stream/fact_tools/v.0.18.0/gamma_gustav_12/output_spe_extractor_mc_52.json,9597,True
/net/big-tank/POOL/projects/fact/simulation/photon_stream/fact_tools/v.0.18.0/gamma_gustav_12/output_spe_extractor_mc_19.json,9697,True
/net/big-tank/POOL/projects/fact/simulation/photon_stream/fact_tools/v.0.18.0/gamma_gustav_12/output_spe_extractor_mc_30.json,9588,True
/net/big-tank/POOL/projects/fact/simulation/photon_stream/fact_tools/v.0.18.0/gamma_gustav_12/output_spe_extractor_mc_92.json,9728,True
/net/big-tank/POOL/projects/fact/simulation/photon_stream/fact_tools/v.0.18.0/gamma_gustav_12/output_spe_extractor_mc_56.json,9625,True
/net/big-tank/POOL/projects/fact/simulation/photon_stream/fact_tools/v.0.18.0/gamma_gustav_12/output_spe_extractor_mc_67.json,9640,True
/net/big-tank/POOL/projects/fact/simulation/photon_stream/fact_tools/v.0.18.0/gamma_gustav_12/output_spe_extractor_mc_34.json,9686,True
/net/big-tank/POOL/projects/fact/simulation/photon_stream/fact_tools/v.0.18.0/gamma_gustav_12/output_spe_extractor_mc_96.json,9666,True
/net/big-tank/POOL/projects/fact/simulation/photon_stream/fact_tools/v.0.18.0/gamma_gustav_12/output_spe_extractor_mc_73.json,9579,True
/net/big-tank/POOL/projects/fact/simulation/photon_stream/fact_tools/v.0.18.0/gamma_gustav_12/output_spe_extractor_mc_38.json,9618,True
/net/big-tank/POOL/projects/fact/simulation/photon_stream/fact_tools/v.0.18.0/gamma_gustav_12/output_spe_extractor_mc_42.json,9687,True
/net/big-tank/POOL/projects/fact/simulation/photon_stream/fact_tools/v.0.18.0/gamma_gustav_12/output_spe_extractor_mc_82.json,9589,True
/net/big-tank/POOL/projects/fact/simulation/photon_stream/fact_tools/v.0.18.0/gamma_gustav_12/output_spe_extractor_mc_20.json,9472,True
/net/big-tank/POOL/projects/fact/simulation/photon_stream/fact_tools/v.0.18.0/gamma_gustav_12/output_spe_extractor_mc_2.json,9546,True
/net/big-tank/POOL/projects/fact/simulation/photon_stream/fact_tools/v.0.18.0/gamma_gustav_12/output_spe_extractor_mc_11.json,9542,True
/net/big-tank/POOL/projects/fact/simulation/photon_stream/fact_tools/v.0.18.0/gamma_gustav_12/output_spe_extractor_mc_46.json,9616,True
/net/big-tank/POOL/projects/fact/simulation/photon_stream/fact_tools/v.0.18.0/gamma_gustav_12/output_spe_extractor_mc_77.json,9504,True
/net/big-tank/POOL/projects/fact/simulation/photon_stream/fact_tools/v.0.18.0/gamma_gustav_12/output_spe_extractor_mc_6.json,9571,True
/net/big-tank/POOL/projects/fact/simulation/photon_stream/fact_tools/v.0.18.0/gamma_gustav_12/output_spe_extractor_mc_15.json,9586,True
/net/big-tank/POOL/projects/fact/simulation/photon_stream/fact_tools/v.0.18.0/gamma_gustav_12/output_spe_extractor_mc_86.json,9544,True
/net/big-tank/POOL/projects/fact/simulation/photon_stream/fact_tools/v.0.18.0/gamma_gustav_12/output_spe_extractor_mc_24.json,9698,True
/net/big-tank/POOL/projects/fact/simulation/photon_stream/fact_tools/v.0.18.0/gamma_gustav_12/output_spe_extractor_mc_61.json,9498,True
/net/big-tank/POOL/projects/fact/simulation/photon_stream/fact_tools/v.0.18.0/gamma_gustav_12/output_spe_extractor_mc_88.json,9443,True
/net/big-tank/POOL/projects/fact/simulation/photon_stream/fact_tools/v.0.18.0/gamma_gustav_12/output_spe_extractor_mc_8.json,9727,True
/net/big-tank/POOL/projects/fact/simulation/photon_stream/fact_tools/v.0.18.0/gamma_gustav_12/output_spe_extractor_mc_50.json,9487,True
/net/big-tank/POOL/projects/fact/simulation/photon_stream/fact_tools/v.0.18.0/gamma_gustav_12/output_spe_extractor_mc_90.json,9758,True
/net/big-tank/POOL/projects/fact/simulation/photon_stream/fact_tools/v.0.18.0/gamma_gustav_12/output_spe_extractor_mc_32.json,9506,True
/net/big-tank/POOL/projects/fact/simulation/photon_stream/fact_tools/v.0.18.0/gamma_gustav_12/output_spe_extractor_mc_79.json,9558,True
/net/big-tank/POOL/projects/fact/simulation/photon_stream/fact_tools/v.0.18.0/gamma_gustav_12/output_spe_extractor_mc_48.json,9540,True
/net/big-tank/POOL/projects/fact/simulation/photon_stream/fact_tools/v.0.18.0/gamma_gustav_12/output_spe_extractor_mc_54.json,9514,True
/net/big-tank/POOL/projects/fact/simulation/photon_stream/fact_tools/v.0.18.0/gamma_gustav_12/output_spe_extractor_mc_65.json,9563,True
/net/big-tank/POOL/projects/fact/simulation/photon_stream/fact_tools/v.0.18.0/gamma_gustav_12/output_spe_extractor_mc_94.json,9444,True
/net/big-tank/POOL/projects/fact/simulation/photon_stream/fact_tools/v.0.18.0/gamma_gustav_12/output_spe_extractor_mc_36.json,9521,True
/net/big-tank/POOL/projects/fact/simulation/photon_stream/fact_tools/v.0.18.0/gamma_gustav_12/output_spe_extractor_mc_98.json,9589,True
/net/big-tank/POOL/projects/fact/simulation/photon_stream/fact_tools/v.0.18.0/gamma_gustav_12/output_spe_extractor_mc_71.json,9691,True
/net/big-tank/POOL/projects/fact/simulation/photon_stream/fact_tools/v.0.18.0/gamma_gustav_12/output_spe_extractor_mc_40.json,9594,True
/net/big-tank/POOL/projects/fact/simulation/photon_stream/fact_tools/v.0.18.0/gamma_gustav_12/output_spe_extractor_mc_69.json,9753,True
/net/big-tank/POOL/projects/fact/simulation/photon_stream/fact_tools/v.0.18.0/gamma_gustav_12/output_spe_extractor_mc_22.json,9507,True
/net/big-tank/POOL/projects/fact/simulation/photon_stream/fact_tools/v.0.18.0/gamma_gustav_12/output_spe_extractor_mc_80.json,9509,True
/net/big-tank/POOL/projects/fact/simulation/photon_stream/fact_tools/v.0.18.0/gamma_gustav_12/output_spe_extractor_mc_13.json,9686,True
/net/big-tank/POOL/projects/fact/simulation/photon_stream/fact_tools/v.0.18.0/gamma_gustav_12/output_spe_extractor_mc_58.json,9621,True
/net/big-tank/POOL/projects/fact/simulation/photon_stream/fact_tools/v.0.18.0/gamma_gustav_12/output_spe_extractor_mc_0.json,9645,True
/net/big-tank/POOL/projects/fact/simulation/photon_stream/fact_tools/v.0.18.0/gamma_gustav_12/output_spe_extractor_mc_44.json,9496,True
/net/big-tank/POOL/projects/fact/simulation/photon_stream/fact_tools/v.0.18.0/gamma_gustav_12/output_spe_extractor_mc_75.json,9547,True
/net/big-tank/POOL/projects/fact/simulation/photon_stream/fact_tools/v.0.18.0/gamma_gustav_12/output_spe_extractor_mc_17.json,9429,True
/net/big-tank/POOL/projects/fact/simulation/photon_stream/fact_tools/v.0.18.0/gamma_gustav_12/output_spe_extractor_mc_4.json,9438,True
/net/big-tank/POOL/projects/fact/simulation/photon_stream/fact_tools/v.0.18.0/gamma_gustav_12/output_spe_extractor_mc_26.json,9529,True
/net/big-tank/POOL/projects/fact/simulation/photon_stream/fact_tools/v.0.18.0/gamma_gustav_12/output_spe_extractor_mc_84.json,9647,True
/net/big-tank/POOL/projects/fact/simulation/photon_stream/fact_tools/v.0.18.0/gamma_gustav_12/output_spe_extractor_mc_99.json,9652,True
/net/big-tank/POOL/projects/fact/simulation/photon_stream/fact_tools/v.0.18.0/gamma_gustav_12/output_spe_extractor_mc_70.json,9675,True
/net/big-tank/POOL/projects/fact/simulation/photon_stream/fact_tools/v.0.18.0/gamma_gustav_12/output_spe_extractor_mc_41.json,9445,True
/net/big-tank/POOL/projects/fact/simulation/photon_stream/fact_tools/v.0.18.0/gamma_gustav_12/output_spe_extractor_mc_23.json,9770,True
/net/big-tank/POOL/projects/fact/simulation/photon_stream/fact_tools/v.0.18.0/gamma_gustav_12/output_spe_extractor_mc_68.json,9622,True
/net/big-tank/POOL/projects/fact/simulation/photon_stream/fact_tools/v.0.18.0/gamma_gustav_12/output_spe_extractor_mc_81.json,9554,True
/net/big-tank/POOL/projects/fact/simulation/photon_stream/fact_tools/v.0.18.0/gamma_gustav_12/output_spe_extractor_mc_1.json,9519,True
/net/big-tank/POOL/projects/fact/simulation/photon_stream/fact_tools/v.0.18.0/gamma_gustav_12/output_spe_extractor_mc_59.json,9561,True
/net/big-tank/POOL/projects/fact/simulation/photon_stream/fact_tools/v.0.18.0/gamma_gustav_12/output_spe_extractor_mc_12.json,9436,True
/net/big-tank/POOL/projects/fact/simulation/photon_stream/fact_tools/v.0.18.0/gamma_gustav_12/output_spe_extractor_mc_45.json,9671,True
/net/big-tank/POOL/projects/fact/simulation/photon_stream/fact_tools/v.0.18.0/gamma_gustav_12/output_spe_extractor_mc_74.json,9669,True
/net/big-tank/POOL/projects/fact/simulation/photon_stream/fact_tools/v.0.18.0/gamma_gustav_12/output_spe_extractor_mc_5.json,9553,True
/net/big-tank/POOL/projects/fact/simulation/photon_stream/fact_tools/v.0.18.0/gamma_gustav_12/output_spe_extractor_mc_16.json,9536,True
/net/big-tank/POOL/projects/fact/simulation/photon_stream/fact_tools/v.0.18.0/gamma_gustav_12/output_spe_extractor_mc_27.json,9654,True
/net/big-tank/POOL/projects/fact/simulation/photon_stream/fact_tools/v.0.18.0/gamma_gustav_12/output_spe_extractor_mc_85.json,9563,True
/net/big-tank/POOL/projects/fact/simulation/photon_stream/fact_tools/v.0.18.0/gamma_gustav_12/output_spe_extractor_mc_60.json,9628,True
/net/big-tank/POOL/projects/fact/simulation/photon_stream/fact_tools/v.0.18.0/gamma_gustav_12/output_spe_extractor_mc_89.json,9418,True
/net/big-tank/POOL/projects/fact/simulation/photon_stream/fact_tools/v.0.18.0/gamma_gustav_12/output_spe_extractor_mc_51.json,9774,True
/net/big-tank/POOL/projects/fact/simulation/photon_stream/fact_tools/v.0.18.0/gamma_gustav_12/output_spe_extractor_mc_9.json,9603,True
/net/big-tank/POOL/projects/fact/simulation/photon_stream/fact_tools/v.0.18.0/gamma_gustav_12/output_spe_extractor_mc_91.json,9620,True
/net/big-tank/POOL/projects/fact/simulation/photon_stream/fact_tools/v.0.18.0/gamma_gustav_12/output_spe_extractor_mc_78.json,9656,True
/net/big-tank/POOL/projects/fact/simulation/photon_stream/fact_tools/v.0.18.0/gamma_gustav_12/output_spe_extractor_mc_33.json,9563,True
/net/big-tank/POOL/projects/fact/simulation/photon_stream/fact_tools/v.0.18.0/gamma_gustav_12/output_spe_extractor_mc_49.json,9490,True
/net/big-tank/POOL/projects/fact/simulation/photon_stream/fact_tools/v.0.18.0/gamma_gustav_12/output_spe_extractor_mc_55.json,9553,True
/net/big-tank/POOL/projects/fact/simulation/photon_stream/fact_tools/v.0.18.0/gamma_gustav_12/output_spe_extractor_mc_64.json,9400,True
/net/big-tank/POOL/projects/fact/simulation/photon_stream/fact_tools/v.0.18.0/gamma_gustav_12/output_spe_extractor_mc_95.json,9669,True
/net/big-tank/POOL/projects/fact/simulation/photon_stream/fact_tools/v.0.18.0/gamma_gustav_12/output_spe_extractor_mc_37.json,9605,True
/net/big-tank/POOL/projects/fact/simulation/photon_stream/fact_tools/v.0.18.0/gamma_werner_12/output_spe_extractor_mc_58.json,9583,True
/net/big-tank/POOL/projects/fact/simulation/photon_stream/fact_tools/v.0.18.0/gamma_werner_12/output_spe_extractor_mc_13.json,9690,True
/net/big-tank/POOL/projects/fact/simulation/photon_stream/fact_tools/v.0.18.0/gamma_werner_12/output_spe_extractor_mc_22.json,9564,True
/net/big-tank/POOL/projects/fact/simulation/photon_stream/fact_tools/v.0.18.0/gamma_werner_12/output_spe_extractor_mc_69.json,9457,True
/net/big-tank/POOL/projects/fact/simulation/photon_stream/fact_tools/v.0.18.0/gamma_werner_12/output_spe_extractor_mc_80.json,9468,True
/net/big-tank/POOL/projects/fact/simulation/photon_stream/fact_tools/v.0.18.0/gamma_werner_12/output_spe_extractor_mc_40.json,9477,True
/net/big-tank/POOL/projects/fact/simulation/photon_stream/fact_tools/v.0.18.0/gamma_werner_12/output_spe_extractor_mc_98.json,9502,True
/net/big-tank/POOL/projects/fact/simulation/photon_stream/fact_tools/v.0.18.0/gamma_werner_12/output_spe_extractor_mc_8.json,9531,True
/net/big-tank/POOL/projects/fact/simulation/photon_stream/fact_tools/v.0.18.0/gamma_werner_12/output_spe_extractor_mc_71.json,9703,True
/net/big-tank/POOL/projects/fact/simulation/photon_stream/fact_tools/v.0.18.0/gamma_werner_12/output_spe_extractor_mc_26.json,9735,True
/net/big-tank/POOL/projects/fact/simulation/photon_stream/fact_tools/v.0.18.0/gamma_werner_12/output_spe_extractor_mc_84.json,9482,True
/net/big-tank/POOL/projects/fact/simulation/photon_stream/fact_tools/v.0.18.0/gamma_werner_12/output_spe_extractor_mc_17.json,9614,True
/net/big-tank/POOL/projects/fact/simulation/photon_stream/fact_tools/v.0.18.0/gamma_werner_12/output_spe_extractor_mc_75.json,9558,True
/net/big-tank/POOL/projects/fact/simulation/photon_stream/fact_tools/v.0.18.0/gamma_werner_12/output_spe_extractor_mc_44.json,9538,True
/net/big-tank/POOL/projects/fact/simulation/photon_stream/fact_tools/v.0.18.0/gamma_werner_12/output_spe_extractor_mc_48.json,9655,True
/net/big-tank/POOL/projects/fact/simulation/photon_stream/fact_tools/v.0.18.0/gamma_werner_12/output_spe_extractor_mc_90.json,9456,True
/net/big-tank/POOL/projects/fact/simulation/photon_stream/fact_tools/v.0.18.0/gamma_werner_12/output_spe_extractor_mc_79.json,9538,True
/net/big-tank/POOL/projects/fact/simulation/photon_stream/fact_tools/v.0.18.0/gamma_werner_12/output_spe_extractor_mc_32.json,9604,True
/net/big-tank/POOL/projects/fact/simulation/photon_stream/fact_tools/v.0.18.0/gamma_werner_12/output_spe_extractor_mc_0.json,9549,True
/net/big-tank/POOL/projects/fact/simulation/photon_stream/fact_tools/v.0.18.0/gamma_werner_12/output_spe_extractor_mc_50.json,9496,True
/net/big-tank/POOL/projects/fact/simulation/photon_stream/fact_tools/v.0.18.0/gamma_werner_12/output_spe_extractor_mc_61.json,9651,True
/net/big-tank/POOL/projects/fact/simulation/photon_stream/fact_tools/v.0.18.0/gamma_werner_12/output_spe_extractor_mc_88.json,9543,True
/net/big-tank/POOL/projects/fact/simulation/photon_stream/fact_tools/v.0.18.0/gamma_werner_12/output_spe_extractor_mc_94.json,9617,True
/net/big-tank/POOL/projects/fact/simulation/photon_stream/fact_tools/v.0.18.0/gamma_werner_12/output_spe_extractor_mc_36.json,9537,True
/net/big-tank/POOL/projects/fact/simulation/photon_stream/fact_tools/v.0.18.0/gamma_werner_12/output_spe_extractor_mc_4.json,9583,True
/net/big-tank/POOL/projects/fact/simulation/photon_stream/fact_tools/v.0.18.0/gamma_werner_12/output_spe_extractor_mc_65.json,9651,True
/net/big-tank/POOL/projects/fact/simulation/photon_stream/fact_tools/v.0.18.0/gamma_werner_12/output_spe_extractor_mc_54.json,9468,True
/net/big-tank/POOL/projects/fact/simulation/photon_stream/fact_tools/v.0.18.0/gamma_werner_12/output_spe_extractor_mc_49.json,9485,True
/net/big-tank/POOL/projects/fact/simulation/photon_stream/fact_tools/v.0.18.0/gamma_werner_12/output_spe_extractor_mc_91.json,9666,True
/net/big-tank/POOL/projects/fact/simulation/photon_stream/fact_tools/v.0.18.0/gamma_werner_12/output_spe_extractor_mc_1.json,9438,True
/net/big-tank/POOL/projects/fact/simulation/photon_stream/fact_tools/v.0.18.0/gamma_werner_12/output_spe_extractor_mc_33.json,9373,True
/net/big-tank/POOL/projects/fact/simulation/photon_stream/fact_tools/v.0.18.0/gamma_werner_12/output_spe_extractor_mc_78.json,9531,True
/net/big-tank/POOL/projects/fact/simulation/photon_stream/fact_tools/v.0.18.0/gamma_werner_12/output_spe_extractor_mc_51.json,9561,True
/net/big-tank/POOL/projects/fact/simulation/photon_stream/fact_tools/v.0.18.0/gamma_werner_12/output_spe_extractor_mc_60.json,9688,True
/net/big-tank/POOL/projects/fact/simulation/photon_stream/fact_tools/v.0.18.0/gamma_werner_12/output_spe_extractor_mc_89.json,9523,True
/net/big-tank/POOL/projects/fact/simulation/photon_stream/fact_tools/v.0.18.0/gamma_werner_12/output_spe_extractor_mc_95.json,9532,True
/net/big-tank/POOL/projects/fact/simulation/photon_stream/fact_tools/v.0.18.0/gamma_werner_12/output_spe_extractor_mc_5.json,9579,True
/net/big-tank/POOL/projects/fact/simulation/photon_stream/fact_tools/v.0.18.0/gamma_werner_12/output_spe_extractor_mc_37.json,9348,True
/net/big-tank/POOL/projects/fact/simulation/photon_stream/fact_tools/v.0.18.0/gamma_werner_12/output_spe_extractor_mc_64.json,9655,True
/net/big-tank/POOL/projects/fact/simulation/photon_stream/fact_tools/v.0.18.0/gamma_werner_12/output_spe_extractor_mc_55.json,9551,True
/net/big-tank/POOL/projects/fact/simulation/photon_stream/fact_tools/v.0.18.0/gamma_werner_12/output_spe_extractor_mc_12.json,9464,True
/net/big-tank/POOL/projects/fact/simulation/photon_stream/fact_tools/v.0.18.0/gamma_werner_12/output_spe_extractor_mc_59.json,9443,True
/net/big-tank/POOL/projects/fact/simulation/photon_stream/fact_tools/v.0.18.0/gamma_werner_12/output_spe_extractor_mc_68.json,9589,True
/net/big-tank/POOL/projects/fact/simulation/photon_stream/fact_tools/v.0.18.0/gamma_werner_12/output_spe_extractor_mc_23.json,9629,True
/net/big-tank/POOL/projects/fact/simulation/photon_stream/fact_tools/v.0.18.0/gamma_werner_12/output_spe_extractor_mc_81.json,9540,True
/net/big-tank/POOL/projects/fact/simulation/photon_stream/fact_tools/v.0.18.0/gamma_werner_12/output_spe_extractor_mc_41.json,9675,True
/net/big-tank/POOL/projects/fact/simulation/photon_stream/fact_tools/v.0.18.0/gamma_werner_12/output_spe_extractor_mc_99.json,9590,True
/net/big-tank/POOL/projects/fact/simulation/photon_stream/fact_tools/v.0.18.0/gamma_werner_12/output_spe_extractor_mc_70.json,9569,True
/net/big-tank/POOL/projects/fact/simulation/photon_stream/fact_tools/v.0.18.0/gamma_werner_12/output_spe_extractor_mc_9.json,9528,True
/net/big-tank/POOL/projects/fact/simulation/photon_stream/fact_tools/v.0.18.0/gamma_werner_12/output_spe_extractor_mc_27.json,9617,True
/net/big-tank/POOL/projects/fact/simulation/photon_stream/fact_tools/v.0.18.0/gamma_werner_12/output_spe_extractor_mc_85.json,9722,True
/net/big-tank/POOL/projects/fact/simulation/photon_stream/fact_tools/v.0.18.0/gamma_werner_12/output_spe_extractor_mc_16.json,9595,True
/net/big-tank/POOL/projects/fact/simulation/photon_stream/fact_tools/v.0.18.0/gamma_werner_12/output_spe_extractor_mc_74.json,9643,True
/net/big-tank/POOL/projects/fact/simulation/photon_stream/fact_tools/v.0.18.0/gamma_werner_12/output_spe_extractor_mc_45.json,9560,True
/net/big-tank/POOL/projects/fact/simulation/photon_stream/fact_tools/v.0.18.0/gamma_werner_12/output_spe_extractor_mc_31.json,9657,True
/net/big-tank/POOL/projects/fact/simulation/photon_stream/fact_tools/v.0.18.0/gamma_werner_12/output_spe_extractor_mc_3.json,9661,True
/net/big-tank/POOL/projects/fact/simulation/photon_stream/fact_tools/v.0.18.0/gamma_werner_12/output_spe_extractor_mc_93.json,9526,True
/net/big-tank/POOL/projects/fact/simulation/photon_stream/fact_tools/v.0.18.0/gamma_werner_12/output_spe_extractor_mc_53.json,9574,True
/net/big-tank/POOL/projects/fact/simulation/photon_stream/fact_tools/v.0.18.0/gamma_werner_12/output_spe_extractor_mc_18.json,9721,True
/net/big-tank/POOL/projects/fact/simulation/photon_stream/fact_tools/v.0.18.0/gamma_werner_12/output_spe_extractor_mc_29.json,9621,True
/net/big-tank/POOL/projects/fact/simulation/photon_stream/fact_tools/v.0.18.0/gamma_werner_12/output_spe_extractor_mc_62.json,9729,True
/net/big-tank/POOL/projects/fact/simulation/photon_stream/fact_tools/v.0.18.0/gamma_werner_12/output_spe_extractor_mc_35.json,9411,True
/net/big-tank/POOL/projects/fact/simulation/photon_stream/fact_tools/v.0.18.0/gamma_werner_12/output_spe_extractor_mc_7.json,9689,True
/net/big-tank/POOL/projects/fact/simulation/photon_stream/fact_tools/v.0.18.0/gamma_werner_12/output_spe_extractor_mc_97.json,9537,True
/net/big-tank/POOL/projects/fact/simulation/photon_stream/fact_tools/v.0.18.0/gamma_werner_12/output_spe_extractor_mc_66.json,9625,True
/net/big-tank/POOL/projects/fact/simulation/photon_stream/fact_tools/v.0.18.0/gamma_werner_12/output_spe_extractor_mc_57.json,9600,True
/net/big-tank/POOL/projects/fact/simulation/photon_stream/fact_tools/v.0.18.0/gamma_werner_12/output_spe_extractor_mc_10.json,9745,True
/net/big-tank/POOL/projects/fact/simulation/photon_stream/fact_tools/v.0.18.0/gamma_werner_12/output_spe_extractor_mc_83.json,9667,True
/net/big-tank/POOL/projects/fact/simulation/photon_stream/fact_tools/v.0.18.0/gamma_werner_12/output_spe_extractor_mc_21.json,9497,True
/net/big-tank/POOL/projects/fact/simulation/photon_stream/fact_tools/v.0.18.0/gamma_werner_12/output_spe_extractor_mc_43.json,9687,True
/net/big-tank/POOL/projects/fact/simulation/photon_stream/fact_tools/v.0.18.0/gamma_werner_12/output_spe_extractor_mc_72.json,9449,True
/net/big-tank/POOL/projects/fact/simulation/photon_stream/fact_tools/v.0.18.0/gamma_werner_12/output_spe_extractor_mc_39.json,9644,True
/net/big-tank/POOL/projects/fact/simulation/photon_stream/fact_tools/v.0.18.0/gamma_werner_12/output_spe_extractor_mc_87.json,9644,True
/net/big-tank/POOL/projects/fact/simulation/photon_stream/fact_tools/v.0.18.0/gamma_werner_12/output_spe_extractor_mc_25.json,9574,True
/net/big-tank/POOL/projects/fact/simulation/photon_stream/fact_tools/v.0.18.0/gamma_werner_12/output_spe_extractor_mc_14.json,9455,True
/net/big-tank/POOL/projects/fact/simulation/photon_stream/fact_tools/v.0.18.0/gamma_werner_12/output_spe_extractor_mc_76.json,9427,True
/net/big-tank/POOL/projects/fact/simulation/photon_stream/fact_tools/v.0.18.0/gamma_werner_12/output_spe_extractor_mc_47.json,9653,True
/net/big-tank/POOL/projects/fact/simulation/photon_stream/fact_tools/v.0.18.0/gamma_werner_12/output_spe_extractor_mc_11.json,9487,True
/net/big-tank/POOL/projects/fact/simulation/photon_stream/fact_tools/v.0.18.0/gamma_werner_12/output_spe_extractor_mc_82.json,9561,True
/net/big-tank/POOL/projects/fact/simulation/photon_stream/fact_tools/v.0.18.0/gamma_werner_12/output_spe_extractor_mc_20.json,9472,True
/net/big-tank/POOL/projects/fact/simulation/photon_stream/fact_tools/v.0.18.0/gamma_werner_12/output_spe_extractor_mc_42.json,9601,True
/net/big-tank/POOL/projects/fact/simulation/photon_stream/fact_tools/v.0.18.0/gamma_werner_12/output_spe_extractor_mc_38.json,9387,True
/net/big-tank/POOL/projects/fact/simulation/photon_stream/fact_tools/v.0.18.0/gamma_werner_12/output_spe_extractor_mc_73.json,9511,True
/net/big-tank/POOL/projects/fact/simulation/photon_stream/fact_tools/v.0.18.0/gamma_werner_12/output_spe_extractor_mc_86.json,9785,True
/net/big-tank/POOL/projects/fact/simulation/photon_stream/fact_tools/v.0.18.0/gamma_werner_12/output_spe_extractor_mc_24.json,9582,True
/net/big-tank/POOL/projects/fact/simulation/photon_stream/fact_tools/v.0.18.0/gamma_werner_12/output_spe_extractor_mc_15.json,9589,True
/net/big-tank/POOL/projects/fact/simulation/photon_stream/fact_tools/v.0.18.0/gamma_werner_12/output_spe_extractor_mc_77.json,9431,True
/net/big-tank/POOL/projects/fact/simulation/photon_stream/fact_tools/v.0.18.0/gamma_werner_12/output_spe_extractor_mc_46.json,9483,True
/net/big-tank/POOL/projects/fact/simulation/photon_stream/fact_tools/v.0.18.0/gamma_werner_12/output_spe_extractor_mc_2.json,9556,True
/net/big-tank/POOL/projects/fact/simulation/photon_stream/fact_tools/v.0.18.0/gamma_werner_12/output_spe_extractor_mc_30.json,9523,True
/net/big-tank/POOL/projects/fact/simulation/photon_stream/fact_tools/v.0.18.0/gamma_werner_12/output_spe_extractor_mc_92.json,9613,True
/net/big-tank/POOL/projects/fact/simulation/photon_stream/fact_tools/v.0.18.0/gamma_werner_12/output_spe_extractor_mc_19.json,9832,True
/net/big-tank/POOL/projects/fact/simulation/photon_stream/fact_tools/v.0.18.0/gamma_werner_12/output_spe_extractor_mc_52.json,9452,True
/net/big-tank/POOL/projects/fact/simulation/photon_stream/fact_tools/v.0.18.0/gamma_werner_12/output_spe_extractor_mc_63.json,9621,True
/net/big-tank/POOL/projects/fact/simulation/photon_stream/fact_tools/v.0.18.0/gamma_werner_12/output_spe_extractor_mc_28.json,9510,True
/net/big-tank/POOL/projects/fact/simulation/photon_stream/fact_tools/v.0.18.0/gamma_werner_12/output_spe_extractor_mc_6.json,9320,True
/net/big-tank/POOL/projects/fact/simulation/photon_stream/fact_tools/v.0.18.0/gamma_werner_12/output_spe_extractor_mc_34.json,9529,True
/net/big-tank/POOL/projects/fact/simulation/photon_stream/fact_tools/v.0.18.0/gamma_werner_12/output_spe_extractor_mc_96.json,9574,True
/net/big-tank/POOL/projects/fact/simulation/photon_stream/fact_tools/v.0.18.0/gamma_werner_12/output_spe_extractor_mc_67.json,9570,True
/net/big-tank/POOL/projects/fact/simulation/photon_stream/fact_tools/v.0.18.0/gamma_werner_12/output_spe_extractor_mc_56.json,9620,True
